{
  "mAP50": 0.9838207792207792,
  "mAP50-95": 0.7185053549607001,
  "precision": 0.987012987012987,
  "recall": 0.9743589743589743
}